{"cameraMode":{"drawMode":0,"name":"Shaded","section":"Shading Mode"},"sceneLighting":true,"audioPlay":false,"sceneViewState":{"m_AlwaysRefresh":false,"showFog":true,"showSkybox":true,"showFlares":true,"showImageEffects":true,"showParticleSystems":true,"showVisualEffectGraphs":true,"m_FxEnabled":true},"in2DMode":false,"pivot":{"x":1.5019333362579346,"y":-6.809054374694824,"z":-4.147449016571045},"rotation":{"x":-0.11330883949995041,"y":-0.8771275877952576,"z":0.39203116297721865,"w":-0.25353774428367617},"size":12.731773376464844,"orthographic":false}